[
      {
        "constant" : false,
        "inputs" : [ {
          "name" : "newSellPrice",
          "type" : "uint256",
          "index" : 0,
          "typeShort" : "uint",
          "bits" : "256",
          "displayName" : "new Sell Price",
          "template" : "elements_input_uint"
        }, {
          "name" : "newBuyPrice",
          "type" : "uint256",
          "index" : 1,
          "typeShort" : "uint",
          "bits" : "256",
          "displayName" : "new Buy Price",
          "template" : "elements_input_uint"
        } ],
        "name" : "setPrices",
        "outputs" : [],
        "type" : "function",
        "displayName" : "set Prices"
      },
      {
        "constant" : true,
        "inputs" : [],
        "name" : "name",
        "outputs" : [ {
          "name" : "",
          "type" : "string",
          "value" : "ChainScore",
          "displayName" : ""
        } ],
        "type" : "function",
        "displayName" : "name"
      },
      {
        "constant" : false,
        "inputs" : [
            {
              "name" : "_from",
              "type" : "address",
              "index" : 0,
              "typeShort" : "address",
              "bits" : "",
              "displayName" : "&thinsp;<span class=\"punctuation\">_</span>&thinsp;from",
              "template" : "elements_input_address"
            },
            {
              "name" : "_to",
              "type" : "address",
              "index" : 1,
              "typeShort" : "address",
              "bits" : "",
              "displayName" : "&thinsp;<span class=\"punctuation\">_</span>&thinsp;to",
              "template" : "elements_input_address"
            },
            {
              "name" : "_value",
              "type" : "uint256",
              "index" : 2,
              "typeShort" : "uint",
              "bits" : "256",
              "displayName" : "&thinsp;<span class=\"punctuation\">_</span>&thinsp;value",
              "template" : "elements_input_uint"
            } ],
        "name" : "transferFrom",
        "outputs" : [ {
          "name" : "success",
          "type" : "bool"
        } ],
        "type" : "function",
        "displayName" : "transfer From"
      },
      {
        "constant" : true,
        "inputs" : [],
        "name" : "decimals",
        "outputs" : [ {
          "name" : "",
          "type" : "uint8",
          "value" : "0",
          "displayName" : ""
        } ],
        "type" : "function",
        "displayName" : "decimals"
      },
      {
        "constant" : false,
        "inputs" : [],
        "name" : "kill",
        "outputs" : [],
        "type" : "function",
        "displayName" : "kill"
      },
      {
        "constant" : false,
        "inputs" : [
            {
              "name" : "_to",
              "type" : "address",
              "index" : 0,
              "typeShort" : "address",
              "bits" : "",
              "displayName" : "&thinsp;<span class=\"punctuation\">_</span>&thinsp;to",
              "template" : "elements_input_address"
            },
            {
              "name" : "_value",
              "type" : "uint256",
              "index" : 1,
              "typeShort" : "uint",
              "bits" : "256",
              "displayName" : "&thinsp;<span class=\"punctuation\">_</span>&thinsp;value",
              "template" : "elements_input_uint"
            } ],
        "name" : "deduct",
        "outputs" : [],
        "type" : "function",
        "displayName" : "deduct"
      },
      {
        "constant" : true,
        "inputs" : [],
        "name" : "sellPrice",
        "outputs" : [ {
          "name" : "",
          "type" : "uint256",
          "value" : "100000000000000000",
          "displayName" : ""
        } ],
        "type" : "function",
        "displayName" : "sell Price"
      },
      {
        "constant" : true,
        "inputs" : [],
        "name" : "version",
        "outputs" : [ {
          "name" : "",
          "type" : "string",
          "value" : "2",
          "displayName" : ""
        } ],
        "type" : "function",
        "displayName" : "version"
      },
      {
        "constant" : true,
        "inputs" : [ {
          "name" : "",
          "type" : "address",
          "index" : 0,
          "typeShort" : "address",
          "bits" : "",
          "displayName" : "",
          "template" : "elements_input_address"
        } ],
        "name" : "balanceOf",
        "outputs" : [ {
          "name" : "",
          "type" : "uint256",
          "value" : "0",
          "displayName" : ""
        } ],
        "type" : "function",
        "displayName" : "balance Of"
      },
      {
        "constant" : true,
        "inputs" : [],
        "name" : "buyPrice",
        "outputs" : [ {
          "name" : "",
          "type" : "uint256",
          "value" : "100000000000000000",
          "displayName" : ""
        } ],
        "type" : "function",
        "displayName" : "buy Price"
      },
      {
        "constant" : true,
        "inputs" : [],
        "name" : "owner",
        "outputs" : [ {
          "name" : "",
          "type" : "address",
          "value" : "0x98c2884e6f5adfe51cbbaafcb05caa8c8dee5e48",
          "displayName" : ""
        } ],
        "type" : "function",
        "displayName" : "owner"
      },
      {
        "constant" : true,
        "inputs" : [],
        "name" : "symbol",
        "outputs" : [ {
          "name" : "",
          "type" : "string",
          "value" : "CS$",
          "displayName" : ""
        } ],
        "type" : "function",
        "displayName" : "symbol"
      },
      {
        "constant" : false,
        "inputs" : [],
        "name" : "buy",
        "outputs" : [],
        "type" : "function",
        "displayName" : "buy"
      },
      {
        "constant" : false,
        "inputs" : [
            {
              "name" : "_to",
              "type" : "address",
              "index" : 0,
              "typeShort" : "address",
              "bits" : "",
              "displayName" : "&thinsp;<span class=\"punctuation\">_</span>&thinsp;to",
              "template" : "elements_input_address"
            },
            {
              "name" : "_value",
              "type" : "uint256",
              "index" : 1,
              "typeShort" : "uint",
              "bits" : "256",
              "displayName" : "&thinsp;<span class=\"punctuation\">_</span>&thinsp;value",
              "template" : "elements_input_uint"
            } ],
        "name" : "transfer",
        "outputs" : [],
        "type" : "function",
        "displayName" : "transfer"
      },
      {
        "constant" : false,
        "inputs" : [
            {
              "name" : "_to",
              "type" : "address",
              "index" : 0,
              "typeShort" : "address",
              "bits" : "",
              "displayName" : "&thinsp;<span class=\"punctuation\">_</span>&thinsp;to",
              "template" : "elements_input_address"
            },
            {
              "name" : "_value",
              "type" : "uint256",
              "index" : 1,
              "typeShort" : "uint",
              "bits" : "256",
              "displayName" : "&thinsp;<span class=\"punctuation\">_</span>&thinsp;value",
              "template" : "elements_input_uint"
            } ],
        "name" : "earn",
        "outputs" : [],
        "type" : "function",
        "displayName" : "earn"
      },
      {
        "constant" : false,
        "inputs" : [
            {
              "name" : "_spender",
              "type" : "address",
              "index" : 0,
              "typeShort" : "address",
              "bits" : "",
              "displayName" : "&thinsp;<span class=\"punctuation\">_</span>&thinsp;spender",
              "template" : "elements_input_address"
            },
            {
              "name" : "_value",
              "type" : "uint256",
              "index" : 1,
              "typeShort" : "uint",
              "bits" : "256",
              "displayName" : "&thinsp;<span class=\"punctuation\">_</span>&thinsp;value",
              "template" : "elements_input_uint"
            },
            {
              "name" : "_extraData",
              "type" : "bytes",
              "index" : 2,
              "typeShort" : "bytes",
              "bits" : "",
              "displayName" : "&thinsp;<span class=\"punctuation\">_</span>&thinsp;extra Data",
              "template" : "elements_input_bytes"
            } ],
        "name" : "approveAndCall",
        "outputs" : [ {
          "name" : "success",
          "type" : "bool"
        } ],
        "type" : "function",
        "displayName" : "approve And Call"
      }, {
        "constant" : true,
        "inputs" : [ {
          "name" : "",
          "type" : "address",
          "index" : 0,
          "typeShort" : "address",
          "bits" : "",
          "displayName" : "",
          "template" : "elements_input_address"
        }, {
          "name" : "",
          "type" : "address",
          "index" : 1,
          "typeShort" : "address",
          "bits" : "",
          "displayName" : "",
          "template" : "elements_input_address"
        } ],
        "name" : "spentAllowance",
        "outputs" : [ {
          "name" : "",
          "type" : "uint256",
          "value" : "0",
          "displayName" : ""
        } ],
        "type" : "function",
        "displayName" : "spent Allowance"
      }, {
        "constant" : true,
        "inputs" : [ {
          "name" : "",
          "type" : "address",
          "index" : 0,
          "typeShort" : "address",
          "bits" : "",
          "displayName" : "",
          "template" : "elements_input_address"
        }, {
          "name" : "",
          "type" : "address",
          "index" : 1,
          "typeShort" : "address",
          "bits" : "",
          "displayName" : "",
          "template" : "elements_input_address"
        } ],
        "name" : "allowance",
        "outputs" : [ {
          "name" : "",
          "type" : "uint256",
          "value" : "0",
          "displayName" : ""
        } ],
        "type" : "function",
        "displayName" : "allowance"
      }, {
        "constant" : false,
        "inputs" : [ {
          "name" : "amount",
          "type" : "uint256",
          "index" : 0,
          "typeShort" : "uint",
          "bits" : "256",
          "displayName" : "amount",
          "template" : "elements_input_uint"
        } ],
        "name" : "sell",
        "outputs" : [],
        "type" : "function",
        "displayName" : "sell"
      }, {
        "constant" : false,
        "inputs" : [ {
          "name" : "target",
          "type" : "address",
          "index" : 0,
          "typeShort" : "address",
          "bits" : "",
          "displayName" : "target",
          "template" : "elements_input_address"
        }, {
          "name" : "freeze",
          "type" : "bool",
          "index" : 1,
          "typeShort" : "bool",
          "bits" : "",
          "displayName" : "freeze",
          "template" : "elements_input_bool"
        } ],
        "name" : "freezeAccount",
        "outputs" : [],
        "type" : "function",
        "displayName" : "freeze Account"
      }, {
        "constant" : false,
        "inputs" : [ {
          "name" : "newOwner",
          "type" : "address",
          "index" : 0,
          "typeShort" : "address",
          "bits" : "",
          "displayName" : "new Owner",
          "template" : "elements_input_address"
        } ],
        "name" : "transferOwnership",
        "outputs" : [],
        "type" : "function",
        "displayName" : "transfer Ownership"
      }, {
        "inputs" : [ {
          "name" : "tokenName",
          "type" : "string",
          "index" : 0,
          "typeShort" : "string",
          "bits" : "",
          "displayName" : "token Name",
          "template" : "elements_input_string",
          "value" : "ChainScore"
        }, {
          "name" : "decimalUnits",
          "type" : "uint8",
          "index" : 1,
          "typeShort" : "uint",
          "bits" : "8",
          "displayName" : "decimal Units",
          "template" : "elements_input_uint",
          "value" : "0"
        }, {
          "name" : "tokenSymbol",
          "type" : "string",
          "index" : 2,
          "typeShort" : "string",
          "bits" : "",
          "displayName" : "token Symbol",
          "template" : "elements_input_string",
          "value" : "CS$"
        }, {
          "name" : "versionOfTheCode",
          "type" : "string",
          "index" : 3,
          "typeShort" : "string",
          "bits" : "",
          "displayName" : "version Of The Code",
          "template" : "elements_input_string",
          "value" : "2"
        } ],
        "type" : "constructor"
      }, {
        "anonymous" : false,
        "inputs" : [ {
          "indexed" : true,
          "name" : "from",
          "type" : "address"
        }, {
          "indexed" : true,
          "name" : "to",
          "type" : "address"
        }, {
          "indexed" : false,
          "name" : "value",
          "type" : "uint256"
        } ],
        "name" : "Transfer",
        "type" : "event"
      }, {
        "anonymous" : false,
        "inputs" : [ {
          "indexed" : true,
          "name" : "to",
          "type" : "address"
        }, {
          "indexed" : false,
          "name" : "value",
          "type" : "uint256"
        } ],
        "name" : "Earn",
        "type" : "event"
      }, {
        "anonymous" : false,
        "inputs" : [ {
          "indexed" : true,
          "name" : "to",
          "type" : "address"
        }, {
          "indexed" : false,
          "name" : "value",
          "type" : "uint256"
        } ],
        "name" : "Deduct",
        "type" : "event"
      }, {
        "anonymous" : false,
        "inputs" : [ {
          "indexed" : false,
          "name" : "target",
          "type" : "address"
        }, {
          "indexed" : false,
          "name" : "frozen",
          "type" : "bool"
        } ],
        "name" : "FrozenFunds",
        "type" : "event"
      } ]